,objective,metric,boosting_type,boost_from_average,num_threads,random_state,num_leaves,min_data_in_leaf,min_child_weight,max_depth,bagging_fraction,feature_fraction,lambda_l1,lambda_l2,logloss
0,binary,binary_logloss,gbdt,True,4,42,220,187,0.066922521433735,89,0.839565770698501,0.8154808789518193,1.6281098954882078,0.24752704465555328,0.42422556189718774
1,binary,binary_logloss,gbdt,True,4,42,478,153,0.024430813607484666,71,0.6953986782665346,0.7412159276306548,0.43370443402223174,1.7636451671628746,0.42359596694395985
2,binary,binary_logloss,gbdt,True,4,42,225,21,0.005950166748586614,26,0.6909802942561183,0.8305096394130914,0.22245755767221545,0.5098517561627559,0.43132297628364236
3,binary,binary_logloss,gbdt,True,4,42,140,171,0.04473934076830569,11,0.5970695139074039,0.6281487388821148,0.6300885786993695,1.3404658082480687,0.42312860551042963
4,binary,binary_logloss,gbdt,True,4,42,212,33,0.001700258355732325,50,0.97103709082815,0.6109694435095301,0.29520249701080176,0.21901526198884694,0.42804626053667616
5,binary,binary_logloss,gbdt,True,4,42,40,174,0.004759128883695874,66,0.5217142877980077,0.7953084197989787,0.1290607471256391,1.1449246898312022,0.421068371664154
6,binary,binary_logloss,gbdt,True,4,42,901,154,0.005446440484138868,36,0.6408790911050608,0.6356982726849323,0.3189094153126313,1.9037752086913124,0.4221885585190714
7,binary,binary_logloss,gbdt,True,4,42,21,199,0.01947106291332575,8,0.7193504045315525,0.5208549381073653,0.15757254845112004,0.9076318654346343,0.42109651979893004
8,binary,binary_logloss,gbdt,True,4,42,116,150,0.027881690583413322,4,0.5773378289772337,0.5977877745067246,1.3000443314411134,0.2606141408926429,0.42308845823414154
9,binary,binary_logloss,gbdt,True,4,42,718,159,0.0023477753464143567,62,0.9085134890647307,0.5566033007411357,0.3288308681409687,0.21536691265521418,0.4238713524694767
10,binary,binary_logloss,gbdt,True,4,42,423,86,0.0011425864955033997,93,0.5028457001893863,0.9793270407877318,0.1110720494377863,0.10395315362518733,0.42425502574742224
11,binary,binary_logloss,gbdt,True,4,42,59,106,0.013409466723300897,66,0.7893118416096987,0.9394473933861394,0.10417134846713495,0.8694452817801968,0.422134136027859
12,binary,binary_logloss,gbdt,True,4,42,39,112,0.009645350564391423,43,0.5015279882915159,0.5060979951574569,0.16139836232041765,0.8730139215083509,0.42322686267519233
13,binary,binary_logloss,gbdt,True,4,42,355,198,0.0031371285426609647,81,0.7821776567294283,0.7347142469365284,0.15336600910601828,0.8507001905473879,0.4247036349939339
14,binary,binary_logloss,gbdt,True,4,42,696,193,0.013345402899205841,20,0.553106730628077,0.8406589686912381,0.10204404654595418,0.5336591912896989,0.42375977219441685
15,binary,binary_logloss,gbdt,True,4,42,635,131,0.005884825531412353,60,0.7370575724828303,0.6936890127716758,0.16817942819558937,1.2401524384456502,0.42173484275389683
16,binary,binary_logloss,gbdt,True,4,42,15,77,0.022110834202575348,78,0.6363247888532894,0.5275550682236683,0.7289587572938822,0.680250033643931,0.42219251099567184
17,binary,binary_logloss,gbdt,True,4,42,323,181,0.08330551940599759,35,0.6464676989633436,0.6880576180843982,0.22281888374361186,1.3322379836750955,0.4209943873813357
18,binary,binary_logloss,gbdt,True,4,42,332,179,0.09464588510923626,52,0.5406484139883263,0.6878344742565404,0.2309350215859033,1.3767637575306395,0.42331560590421863
19,binary,binary_logloss,gbdt,True,4,42,584,127,0.003986087742458557,29,0.6437814931471975,0.8835672753389899,0.23115927891361895,1.6614331808960465,0.4237073561689931
20,binary,binary_logloss,gbdt,True,4,42,312,49,0.0012386243771126111,100,0.5290288008930016,0.7516212938010992,0.12451397070377578,0.37481228589199106,0.4279873689577166
21,binary,binary_logloss,gbdt,True,4,42,140,200,0.09866605226719415,14,0.7428820060066911,0.5665273448421376,0.14936018719794492,1.0930794829970663,0.4221592254611263
22,binary,binary_logloss,gbdt,True,4,42,25,174,0.052744088749345726,2,0.6708037709197711,0.786544616963766,0.20032739147190767,0.6835788982502657,0.42618867011688133
23,binary,binary_logloss,gbdt,True,4,42,869,200,0.009201764415759123,40,0.5994817388453872,0.6687311250651036,0.13642930993285096,1.044454498737931,0.4234213478822287
24,binary,binary_logloss,gbdt,True,4,42,258,134,0.0376862755330423,55,0.8615805629367488,0.8819344532779533,0.4067309555746727,1.4595870289042119,0.4250795664976979
25,binary,binary_logloss,gbdt,True,4,42,420,167,0.016557662961213332,31,0.7303240684072704,0.7747944379764432,0.20369801055028844,1.9670990035377296,0.42256619076745144
26,binary,binary_logloss,gbdt,True,4,42,141,184,0.007878198987813757,47,0.787174637438438,0.6547871637213813,0.5920944663769796,0.6664607556947656,0.42107927856188715
27,binary,binary_logloss,gbdt,True,4,42,113,186,0.007315908827844006,47,0.7928040516028901,0.6580751237882703,0.6295544736941785,0.6237995367732494,0.42195670059113694
28,binary,binary_logloss,gbdt,True,4,42,179,148,0.0028619482661699316,71,0.852193980166748,0.7099344761342266,1.0821561830074906,0.3720368267435162,0.422940941772109
29,binary,binary_logloss,gbdt,True,4,42,251,184,0.003601053691396266,57,0.9368620881204238,0.7991074868944903,0.9504724593163659,1.0948504848781544,0.42237639040837927
30,binary,binary_logloss,gbdt,True,4,42,285,166,0.0047428621697710414,42,0.8155289663352362,0.7197159105382123,0.5942824899375447,0.7119835095991853,0.423184434589166
31,binary,binary_logloss,gbdt,True,4,42,67,187,0.0642438066698335,22,0.7563163256582454,0.5752462153876999,1.975364320189355,0.9142551537999634,0.42277769664707565
32,binary,binary_logloss,gbdt,True,4,42,385,200,0.007867125799262418,35,0.7101637627946935,0.5394560417953409,0.45950149866679796,1.5367955920225584,0.42303027298526286
33,binary,binary_logloss,gbdt,True,4,42,165,141,0.014445317026504912,66,0.6727439521321275,0.6509213740463105,0.5014696838983691,0.494687666142511,0.4221460515641716
34,binary,binary_logloss,gbdt,True,4,42,81,177,0.02039879323255183,76,0.8768176426500336,0.7609862404868376,0.2688036046779449,1.2163074339565993,0.42069013117410886
35,binary,binary_logloss,gbdt,True,4,42,472,162,0.029644785082360195,79,0.9053524274792253,0.7689517165747036,0.27548463774146725,1.7926245822974387,0.42270932983053433
36,binary,binary_logloss,gbdt,True,4,42,218,177,0.002058482018788825,73,0.8817697014508007,0.8201616498364884,0.3857027109863788,1.2262938750729155,0.4235153509131849
37,binary,binary_logloss,gbdt,True,4,42,108,121,0.0068628127784458835,89,0.9864852842775297,0.8491404277156388,0.2768380480121516,1.0503296696799609,0.42298380205934594
38,binary,binary_logloss,gbdt,True,4,42,188,143,0.010954910355361443,50,0.8205109219479825,0.6200947884646003,0.33624391485313176,0.7542403564171081,0.42332520694507236
39,binary,binary_logloss,gbdt,True,4,42,100,172,0.004341323111020303,65,0.9453729390757089,0.7446686256400433,0.18844654720618875,0.4222951791170504,0.4230195961254876
40,binary,binary_logloss,gbdt,True,4,42,497,190,0.0694690353169232,89,0.594249096771444,0.6804793615152598,0.7794823690400656,0.5763005501284847,0.4217606519710574
41,binary,binary_logloss,gbdt,True,4,42,68,157,0.018432734427051446,8,0.7081094916960858,0.5965031563213254,0.12333889993341159,1.2705678659855872,0.42466363410432734
42,binary,binary_logloss,gbdt,True,4,42,19,180,0.03069196810206908,69,0.7693197717367668,0.7181572727946965,0.1780195766025737,0.7864552947749811,0.42363214965956547
43,binary,binary_logloss,gbdt,True,4,42,155,193,0.01890709771770303,85,0.8161999982283542,0.8843288664937219,0.23954090183771243,0.8990267020675063,0.42467195710126543
44,binary,binary_logloss,gbdt,True,4,42,16,158,0.023229081448951427,45,0.6700464687116685,0.5005182357113934,0.2657999831178803,0.9704924629171623,0.4241589450783341
45,binary,binary_logloss,gbdt,True,4,42,81,167,0.010909825770108248,35,0.6279121142437634,0.7519391389872035,0.5543321805764093,1.5838210680162081,0.42279010058963373
46,binary,binary_logloss,gbdt,True,4,42,213,182,0.037791942793968795,58,0.7138413514211298,0.6380904207787939,0.37566553023345206,1.167933673556086,0.42353057131025384
47,binary,binary_logloss,gbdt,True,4,42,272,10,0.008487480013049336,75,0.8858798540058435,0.8079959929684656,0.1160212206251648,1.3724817088593533,0.43212591788435767
48,binary,binary_logloss,gbdt,True,4,42,135,194,0.00653795135196151,62,0.7991304406695502,0.7317432236576541,0.3078548871612667,0.5915569966830102,0.4214851923778312
49,binary,binary_logloss,gbdt,True,4,42,52,171,0.011670728375566312,17,0.6918684647819383,0.7016424725799837,0.15963610547011337,0.13194883080636063,0.42329311459335084
50,binary,binary_logloss,gbdt,True,4,42,376,152,0.0049993351967134985,27,0.5231922664230753,0.9229880450886621,0.13984796207186465,0.7984641128386819,0.4220691719701491
51,binary,binary_logloss,gbdt,True,4,42,133,193,0.006528560542910701,53,0.8336645498113137,0.7325222937382809,0.3298345223880914,0.5969475614891293,0.42282772309687017
52,binary,binary_logloss,gbdt,True,4,42,15,200,0.006031319298850042,61,0.7955296157184293,0.7768327546242204,0.20726249502951857,0.4458592063712626,0.42382276311670725
53,binary,binary_logloss,gbdt,True,4,42,181,193,0.0032299280801486,65,0.7665947875776498,0.7558809287121109,0.24468883730668375,0.9688747205976224,0.42391729136456013
54,binary,binary_logloss,gbdt,True,4,42,97,91,0.0054670500082471055,49,0.7365520552218967,0.8313869417922543,0.30359174055198845,0.6542965986312869,0.4237448492775976
55,binary,binary_logloss,gbdt,True,4,42,48,180,0.002646247548047271,84,0.8730333329877759,0.6849021884307577,0.10115143815548341,0.5627695885521509,0.42181699043707466
56,binary,binary_logloss,gbdt,True,4,42,308,175,0.013216302010732098,62,0.7778388362048745,0.7229263221210768,0.17919966629767095,0.5071343330981233,0.42236061675114117
57,binary,binary_logloss,gbdt,True,4,42,230,50,0.008800157782858664,76,0.8475740193581828,0.8008325617494758,0.7275281253303876,0.31194760189775833,0.42816085317630836
58,binary,binary_logloss,gbdt,True,4,42,139,187,0.004108564987463585,69,0.7973255964740026,0.6014156292632636,0.46576323082698495,0.8061382363081413,0.4244190466221297
59,binary,binary_logloss,gbdt,True,4,42,979,200,0.0014488317188251114,40,0.7510187019969303,0.850501234285987,0.21584743745384122,1.4293326897745964,0.42508206442626706
60,binary,binary_logloss,gbdt,True,4,42,195,164,0.015544379644952833,99,0.5549776914625675,0.667735602993575,0.3562206255167415,1.1499738573989942,0.4242056253577309
61,binary,binary_logloss,gbdt,True,4,42,668,124,0.005500934419777473,61,0.7239914415792214,0.6989090545283254,0.17548709958741396,1.7479051793151008,0.4224644849531395
62,binary,binary_logloss,gbdt,True,4,42,554,113,0.007207762769885197,55,0.6567341699554765,0.6979412878046939,0.13701255790465533,1.2600709892095636,0.42488642540506544
63,binary,binary_logloss,gbdt,True,4,42,785,136,0.009585202715644765,58,0.7512395078105601,0.7634544737687794,0.16663283764244524,0.9582781202952562,0.4247022226263173
64,binary,binary_logloss,gbdt,True,4,42,563,195,0.004691690936784041,69,0.6908477015773704,0.7888396930403951,0.15261013237844492,0.7204763748898375,0.4233756705818352
65,binary,binary_logloss,gbdt,True,4,42,628,91,0.003713281356410282,46,0.7254149472147885,0.514956236399025,0.1953140836782137,1.046815486273516,0.4238285599369613
66,binary,binary_logloss,gbdt,True,4,42,741,185,0.006360449272194586,73,0.6218241094320363,0.6512539224818418,0.2587610409467467,0.8598575606125496,0.4220159747772113
67,binary,binary_logloss,gbdt,True,4,42,604,146,0.053723650951361876,53,0.8055835530314641,0.735238334967735,0.2922272181520411,1.535769074243751,0.4235658899047703
68,binary,binary_logloss,gbdt,True,4,42,424,169,0.008089456721899365,22,0.826611830582076,0.6699188978990068,0.21752359875043753,1.2856678913443544,0.42268248348730136
69,binary,binary_logloss,gbdt,True,4,42,123,176,0.08054081147599917,64,0.7673658280979367,0.5456208702521522,0.1466385521081235,1.988115786392888,0.42170975024180224
70,binary,binary_logloss,gbdt,True,4,42,84,176,0.07098299669813948,82,0.9243005793619931,0.5520446188708168,0.42301003475944515,1.9379832821317906,0.42201101801804086
71,binary,binary_logloss,gbdt,True,4,42,120,161,0.07921831867714024,63,0.7682490337702895,0.511991918353185,0.11355619472376081,1.1381657931460973,0.4233090040066122
72,binary,binary_logloss,gbdt,True,4,42,48,183,0.08763442437996728,68,0.7418578761586336,0.6372369332329603,0.1257572942548337,1.7288663102447903,0.423137060456169
73,binary,binary_logloss,gbdt,True,4,42,156,154,0.056131181164630506,59,0.7805188861711713,0.532532132098313,0.14347429171929899,0.6393364262990997,0.42390024430018286
74,binary,binary_logloss,gbdt,True,4,42,248,190,0.046679764692306565,7,0.6973395252199701,0.5694951117006316,0.16673264512879163,1.0115443437292562,0.4216658931630332
75,binary,binary_logloss,gbdt,True,4,42,242,189,0.04527458737779738,8,0.6798861946904252,0.566969918278338,0.12792299563334225,1.030236990169253,0.42285028523873025
76,binary,binary_logloss,gbdt,True,4,42,299,195,0.035007691745859174,1,0.7023888728723603,0.5447327312498249,0.1553733801217838,0.8439626018733927,0.43592500785764837
77,binary,binary_logloss,gbdt,True,4,42,119,174,0.026420832767197394,4,0.65332178098549,0.5807184072350101,0.19049123328921813,0.7387708126506936,0.4227459794736709
78,binary,binary_logloss,gbdt,True,4,42,162,189,0.04607395874615552,13,0.717131277183584,0.5160958668324885,0.10636672443544506,0.9304912328999555,0.4239878508908747
79,binary,binary_logloss,gbdt,True,4,42,202,177,0.09882850847910485,32,0.966428671825864,0.5809355396276055,0.22449508724133102,1.1922155671598826,0.42223287266791854
80,binary,binary_logloss,gbdt,True,4,42,335,200,0.019832955208622827,8,0.5096479659452949,0.5279053789333555,0.2446063109353126,1.3742921810333155,0.4223990245573887
81,binary,binary_logloss,gbdt,True,4,42,73,169,0.05853834751328827,56,0.6818327032967435,0.5596088685071899,0.16776020482283222,1.5134688473419253,0.421687626684076
82,binary,binary_logloss,gbdt,True,4,42,72,181,0.08513165177049115,64,0.6885381576091185,0.5520276561353984,0.16300845393259575,1.523970956208055,0.4219085704591329
83,binary,binary_logloss,gbdt,True,4,42,33,167,0.06165815946545766,56,0.667191474719673,0.5588262030215345,0.18054405361303916,1.4258282446588462,0.4223759151838431
84,binary,binary_logloss,gbdt,True,4,42,95,172,0.07655475655248932,50,0.7607803138635416,0.5352508203428958,0.1471172586801247,1.8632510062482999,0.42354438725829086
85,binary,binary_logloss,gbdt,True,4,42,142,184,0.040964481837943455,72,0.7021567828257108,0.5029758498107086,0.5417127747378306,1.5927957086428115,0.4229040751721494
86,binary,binary_logloss,gbdt,True,4,42,260,188,0.06100564134511894,5,0.8071579742164954,0.6119812003396713,0.13083760492823773,1.0084192263317713,0.4222541355951477
87,binary,binary_logloss,gbdt,True,4,42,172,195,0.04886642052725291,77,0.5743656434758607,0.7096904473979143,0.20048071830955236,1.3150575610729027,0.42408049689079746
88,binary,binary_logloss,gbdt,True,4,42,35,163,0.03237346590871546,67,0.7341733165642512,0.5907533419540142,0.3060428540360944,0.5415193388851028,0.42362867349657096
89,binary,binary_logloss,gbdt,True,4,42,10,179,0.026074949785633933,16,0.682725369383834,0.5212702182642305,0.25018456828327107,1.681379750817247,0.42449195800138984
90,binary,binary_logloss,gbdt,True,4,42,67,170,0.01172002707593723,54,0.6124896041092559,0.5669107524812533,0.11427277155731488,1.9995641528917656,0.4218811812662469
91,binary,binary_logloss,gbdt,True,4,42,114,156,0.005114024028480348,60,0.7489498456414295,0.7443751646984353,0.16366737684309393,1.1042556146965972,0.42458049857948316
92,binary,binary_logloss,gbdt,True,4,42,87,191,0.005794639111131413,38,0.7240683993117013,0.7276428490556218,0.1717220692512278,1.2347895349899287,0.42142194886537293
93,binary,binary_logloss,gbdt,True,4,42,91,190,0.00696755655500408,39,0.6620696624376113,0.7258371728928089,0.17239897875355187,1.226083316391261,0.4217964497632325
94,binary,binary_logloss,gbdt,True,4,42,138,196,0.0076789564398276,38,0.6419782850262712,0.7802864579902099,0.21120613275259242,0.4771202737134534,0.42392050782704005
95,binary,binary_logloss,gbdt,True,4,42,54,183,0.08851545895018507,43,0.784488638823647,0.7641383743208483,0.19001787658521493,1.3346546776258386,0.4233850375168613
96,binary,binary_logloss,gbdt,True,4,42,220,191,0.005955703374556443,47,0.8399546365040367,0.7127913293416247,0.28069097111248514,1.4498454803785827,0.42118671397514673
97,binary,binary_logloss,gbdt,True,4,42,229,191,0.004359130167432273,44,0.8621000323705974,0.7150002088151727,0.27805122224852963,1.4654748548075043,0.42135495024790814
98,binary,binary_logloss,gbdt,True,4,42,209,191,0.004589494229092364,44,0.860549692282022,0.6795216762925372,0.3609395393597478,1.138858884771737,0.4223634520091413
99,binary,binary_logloss,gbdt,True,4,42,234,198,0.0038445615289136874,47,0.8982157210765312,0.7164410943001819,0.28398984179848696,0.6755213801134751,0.4218417949985568
100,binary,binary_logloss,gbdt,True,4,42,443,183,0.005972685250608351,46,0.5155526317644706,0.6906799521357319,1.2528975507035396,0.7164584561128907,0.42246891209412113
101,binary,binary_logloss,gbdt,True,4,42,570,200,0.03013072001521567,39,0.5134568355702379,0.8807630607065083,1.015495855309055,0.14463305176359753,0.4233938041562909
102,binary,binary_logloss,gbdt,True,4,42,554,57,0.008977184494012351,22,0.7670317672104724,0.5810551510893978,0.12199428469900718,0.9282055699714641,0.42415058470188804
103,binary,binary_logloss,gbdt,True,4,42,472,109,0.0016150031659709326,43,0.9659896625324184,0.899858109924577,0.4316661050321592,0.31627096547248723,0.42408304182515016
104,binary,binary_logloss,gbdt,True,4,42,474,254,0.04727301570502314,24,0.5441279427095244,0.5626639325920131,0.3252026049315851,0.15330106257935175,0.42415568030180906
105,binary,binary_logloss,gbdt,True,4,42,656,151,0.0012769989243743556,31,0.6676522855246132,0.6193285817854532,0.14831290750284823,1.7277681830548528,0.42253933085183587
106,binary,binary_logloss,gbdt,True,4,42,342,63,0.009672210951253767,19,0.8970860123167768,0.7287836061148045,1.2030792150984422,0.9206758237654316,0.42326697023533744
107,binary,binary_logloss,gbdt,True,4,42,316,237,0.0015303076109515687,48,0.6583715021512835,0.6773639274692359,0.17330014733743154,0.1719443254124497,0.42392727012828346
108,binary,binary_logloss,gbdt,True,4,42,538,222,0.0038955548522099123,32,0.6696183264270406,0.6949892789110467,0.8961373644290317,1.8101268662998595,0.4219352096014745
109,binary,binary_logloss,gbdt,True,4,42,444,11,0.001009452294697882,24,0.645690071743717,0.7941307181460079,0.47120955599964787,0.46168019028749285,0.432212595432439
110,binary,binary_logloss,gbdt,True,4,42,755,294,0.0035752527851361693,13,0.7883189932771835,0.5212721113838918,1.9350093160452069,1.787896569116166,0.4223291506542731
111,binary,binary_logloss,gbdt,True,4,42,779,297,0.0041501674037981336,10,0.7664150575630504,0.5132758586078868,1.976049422636634,1.9891868385883018,0.42168390491054913
112,binary,binary_logloss,gbdt,True,4,42,798,300,0.0033881185958027243,33,0.5864009788310632,0.7923730112138616,1.9615942672153373,1.7485551669593589,0.42199328766153765
113,binary,binary_logloss,gbdt,True,4,42,660,252,0.0199406040054586,37,0.7829263554691774,0.5089546241352352,0.6947845204808986,1.1496625656268467,0.4226232033666067
114,binary,binary_logloss,gbdt,True,4,42,639,275,0.003229575231788721,14,0.7316751265860156,0.9714865518421083,1.9846981100384078,1.3645849318933205,0.4230080061738099
115,binary,binary_logloss,gbdt,True,4,42,711,215,0.005290196815851249,28,0.8594076511387835,0.62640439192406,0.7945561507125677,0.5029629864081614,0.4226224297341212
116,binary,binary_logloss,gbdt,True,4,42,595,165,0.0021446992196359465,10,0.603475973485768,0.5494890850573464,1.5636571317287684,1.830411334694977,0.4214387386942451
117,binary,binary_logloss,gbdt,True,4,42,792,151,0.0022848528317473455,10,0.588935705200827,0.5393472787458201,1.5097157842499325,0.2622812438313361,0.4226938847413564
118,binary,binary_logloss,gbdt,True,4,42,719,98,0.015674761778756485,10,0.5998966580187115,0.5084156632624317,1.5392594066733647,0.10219155533891379,0.42425717290956116
119,binary,binary_logloss,gbdt,True,4,42,602,177,0.002276069970409221,17,0.8462861950029511,0.6008059007213925,0.610682924162901,0.6795474306195998,0.42333349437576595
120,binary,binary_logloss,gbdt,True,4,42,399,15,0.09682185486345421,10,0.7191128588209814,0.5487398755036763,0.2334344906921305,1.2457920648763476,0.4279054384766297
121,binary,binary_logloss,gbdt,True,4,42,524,220,0.006120610447057157,28,0.6830877821520366,0.6470475069327961,0.9146455309029778,1.9128472195604496,0.422138577232219
122,binary,binary_logloss,gbdt,True,4,42,502,127,0.00469804652852127,36,0.6071745676112099,0.7680415998720584,1.474056430963751,1.9966695742864302,0.42240834237838515
123,binary,binary_logloss,gbdt,True,4,42,600,176,0.002249340928163375,17,0.6242552704851865,0.5014499814104968,1.0349085119071346,1.3429403223324023,0.4220007539121635
124,binary,binary_logloss,gbdt,True,4,42,401,275,0.0026112110857390933,33,0.5629890534763992,0.5827205244012814,1.7163907424677958,1.5460234982625123,0.42313069929474284
125,binary,binary_logloss,gbdt,True,4,42,702,204,0.006745896792435185,14,0.6986709953794731,0.6502477940425051,0.5446855137804113,1.0237925262232597,0.42450690697549637
126,binary,binary_logloss,gbdt,True,4,42,613,134,0.003990841043394998,41,0.7335977553560148,0.5305349716177683,1.253251517392505,0.7351607947779308,0.42391857877219263
127,binary,binary_logloss,gbdt,True,4,42,535,236,0.0010603193266005427,27,0.6289747225945249,0.8431688329814319,0.8182507745678166,1.9551143868167613,0.4243289484185726
128,binary,binary_logloss,gbdt,True,4,42,574,269,0.0016945934971616188,21,0.5535538817352424,0.7363340544223281,1.9933456623158996,1.5604220390557804,0.4216224948914481
129,binary,binary_logloss,gbdt,True,4,42,684,280,0.0016911622438197,20,0.5335160553496825,0.7303898377683068,1.2437978064540596,0.7248915253708843,0.42058062176080635
130,binary,binary_logloss,gbdt,True,4,42,679,274,0.0015990219323239055,20,0.5011978261807843,0.7360250914451243,1.360658336700312,0.6525093094466238,0.4215698172078333
131,binary,binary_logloss,gbdt,True,4,42,677,275,0.0016569774260241099,20,0.5374997382179608,0.7368997891681748,1.1874192528841436,0.36566103593780724,0.4222620833389777
132,binary,binary_logloss,gbdt,True,4,42,572,260,0.0010412585662055095,24,0.5014652040048793,0.7222903830775471,1.4027277308640989,0.6021110877519732,0.42299293508234287
133,binary,binary_logloss,gbdt,True,4,42,740,282,0.001841116722029781,21,0.5209151195503045,0.7585474661448592,1.0499075649642613,0.7712610642808365,0.42149564193553307
134,binary,binary_logloss,gbdt,True,4,42,744,288,0.0012730182523141645,17,0.5256596535907169,0.8520997367761869,1.0200878830557225,0.5599258982409192,0.42267111709802746
135,binary,binary_logloss,gbdt,True,4,42,688,241,0.002718961873916348,23,0.5064475833086988,0.7727403800103291,1.180401718046884,0.837214348614546,0.42322220633251545
136,binary,binary_logloss,gbdt,True,4,42,749,78,0.0018984911580824787,13,0.5238290907278687,0.8279233157594184,1.700195667708626,0.38581929659039643,0.4225993883115912
137,binary,binary_logloss,gbdt,True,4,42,626,201,0.0013350445964882393,26,0.5720112669835911,0.672896324519712,0.7036810219383448,0.7250691394603157,0.42415678560339143
138,binary,binary_logloss,gbdt,True,4,42,649,300,0.001968264432026891,18,0.501423160715046,0.9151150784289634,0.3517813874105162,0.8631091047653796,0.4242251456488538
139,binary,binary_logloss,gbdt,True,4,42,672,42,0.0012424387048172295,21,0.5381256260648586,0.709726365392458,1.3040512246515135,0.6035566023983189,0.427200901239383
140,binary,binary_logloss,gbdt,True,4,42,728,250,0.0028167279107974724,16,0.5135363689076712,0.7522881669237625,1.0195221974044992,0.24448623836458608,0.4227526733720626
141,binary,binary_logloss,gbdt,True,4,42,575,268,0.0014710555660771621,21,0.5520886586918329,0.8019939463459657,1.670504705834676,1.0217107903031861,0.4215023805221066
142,binary,binary_logloss,gbdt,True,4,42,576,283,0.0014831007915481567,22,0.5489573416033101,0.8191514539588084,1.6692070865030988,1.049366129178449,0.4218278083674141
143,binary,binary_logloss,gbdt,True,4,42,691,265,0.001027452056412461,19,0.5749283604094828,0.692630123964134,1.0813906600508927,0.7968087444429466,0.4227442229642571
144,binary,binary_logloss,gbdt,True,4,42,772,230,0.001782872021046879,25,0.525929553097743,0.8003211561326699,1.353069102409079,0.9645478773540406,0.4222782093896484
145,binary,binary_logloss,gbdt,True,4,42,494,288,0.007501155040684802,30,0.5525530906581345,0.7664951842526359,1.7138924613472253,0.5055881893731302,0.4226208342693802
146,binary,binary_logloss,gbdt,True,4,42,554,248,0.0011689015577454767,15,0.5017934958852057,0.9084790229933948,0.8753049085150485,0.6296934177133168,0.42368800004928936
147,binary,binary_logloss,gbdt,True,4,42,631,186,0.001466936267041252,19,0.5317861020719544,0.6639852422524534,1.785426852235606,0.41427966282199696,0.4228522693872394
148,binary,binary_logloss,gbdt,True,4,42,596,300,0.0030876344815639056,22,0.5660988697747181,0.709464953964991,1.1754659617107424,1.1297674170300862,0.4212562417290058
149,binary,binary_logloss,gbdt,True,4,42,589,295,0.003220069406307864,23,0.6199324383515297,0.710896742917396,0.7441358465182829,1.141623619604353,0.4228578226082111
150,binary,binary_logloss,gbdt,True,4,42,517,300,0.012734642983783092,26,0.586284638173079,0.8692533835348435,0.6169922040635657,1.5089592907105336,0.42409785886470297
151,binary,binary_logloss,gbdt,True,4,42,615,260,0.002066092856539468,21,0.5645662389172124,0.8016758384061783,1.1424198515899835,0.8134622902161216,0.4242555917655217
152,binary,binary_logloss,gbdt,True,4,42,656,283,0.0024433991866062293,13,0.5136136184698412,0.7456848214811771,1.5183310689346259,1.1582803327339224,0.42291779205072955
153,binary,binary_logloss,gbdt,True,4,42,735,278,0.00290752810816376,19,0.6449630496315256,0.6900988489100145,0.9111182066733658,0.6853546869891826,0.4208597908227248
154,binary,binary_logloss,gbdt,True,4,42,552,259,0.003090876075687914,12,0.6489114050874613,0.7008817691986928,0.9453488743204641,0.9434855320585656,0.4216110280485178
155,binary,binary_logloss,gbdt,True,4,42,770,284,0.0047601736940784765,16,0.6372411242746379,0.7775397221030995,1.1119230142891134,0.7539277388188947,0.4221040705118505
156,binary,binary_logloss,gbdt,True,4,42,725,228,0.0036690982668389927,29,0.6072393300276986,0.6272330686366833,0.8532486059867609,0.5248064501445461,0.4220622725358996
157,binary,binary_logloss,gbdt,True,4,42,799,163,0.002030541566973443,24,0.5947043438164866,0.6847661476055642,1.231549733745634,0.9309102721563467,0.4231583145679836
158,binary,binary_logloss,gbdt,True,4,42,735,300,0.0025398309329510344,22,0.5793698258264299,0.7570580212873584,1.5363343110274885,1.3200591757960791,0.42397732277974115
159,binary,binary_logloss,gbdt,True,4,42,589,210,0.04188898348876996,50,0.6675523973908866,0.9363549546344243,0.9665627713114672,1.0631148069287164,0.4219987813417271
160,binary,binary_logloss,gbdt,True,4,42,464,245,0.004515847769599883,18,0.5613150013894919,0.7200801020502992,0.6444126863642157,1.203689277183167,0.42300384940986363
161,binary,binary_logloss,gbdt,True,4,42,704,268,0.001543565275343975,20,0.613752905848889,0.8132331899769264,1.3089740333186761,0.6596076466984677,0.4234857980225509
162,binary,binary_logloss,gbdt,True,4,42,638,276,0.0023129540383486275,19,0.9848995076486216,0.6535971184769237,1.3575432058967267,0.4548642985104231,0.42313318214773454
163,binary,binary_logloss,gbdt,True,4,42,661,293,0.0018625030865550413,25,0.5393979649586049,0.5639581747609682,1.8980061251278222,0.6815920425655364,0.4221210220780987
164,binary,binary_logloss,gbdt,True,4,42,766,272,0.0029919732814212945,22,0.5538043060770714,0.7854803679760379,1.5871947964191573,0.9040448556741977,0.42062300140881553
165,binary,binary_logloss,gbdt,True,4,42,760,281,0.0029881560921206493,22,0.5969975370506128,0.7881158201259234,1.5443401205037524,0.8632805760463594,0.42322334418458457
166,binary,binary_logloss,gbdt,True,4,42,794,253,0.0038860025395771295,16,0.5474233003935467,0.8410449902777349,0.5305439758127722,1.4302419691941568,0.42356894249145094
167,binary,binary_logloss,gbdt,True,4,42,781,102,0.0021846360744904626,23,0.5643759768221966,0.8806353503116272,1.1107935316624764,1.66339860609732,0.42338658667488194
168,binary,binary_logloss,gbdt,True,4,42,750,266,0.005627854129859935,28,0.5847529559378213,0.7836442185532279,1.574962893986708,0.5627997396089451,0.42319252523647216
169,binary,binary_logloss,gbdt,True,4,42,716,189,0.003341533872039039,11,0.5233933734036724,0.6091106131201957,0.11399377533595986,1.0224443366531502,0.42402915193511465
170,binary,binary_logloss,gbdt,True,4,42,611,288,0.001385172592796081,26,0.630873849195107,0.761765229024538,1.849078305209919,0.7837635238677539,0.42143039573425845
171,binary,binary_logloss,gbdt,True,4,42,611,294,0.0013455801108724524,26,0.6811544154298144,0.7572409043299266,1.856319447435394,0.7750777337874609,0.42321072019754624
172,binary,binary_logloss,gbdt,True,4,42,564,129,0.0011599994654578761,24,0.645449858663136,0.7272117400626419,1.432685686802341,0.8753229149988355,0.42405383990960627
173,binary,binary_logloss,gbdt,True,4,42,590,275,0.0027147947517694553,21,0.6292285313321282,0.7476279445475621,1.9707896887509784,0.701578414054158,0.4199328344983118
174,binary,binary_logloss,gbdt,True,4,42,594,275,0.002494093507629595,27,0.6290333961507482,0.7434646630922426,1.9827839603241846,0.7107502045131899,0.42248931532071804
175,binary,binary_logloss,gbdt,True,4,42,620,287,0.0028285054632527615,18,0.6609114203815222,0.7180196778247463,1.221843247520694,0.7800147085473834,0.4228412326229553
176,binary,binary_logloss,gbdt,True,4,42,644,256,0.0018336862382241149,20,0.6055788547250722,0.6833682271552066,0.24030080132078482,0.5918944939885818,0.42374130393299936
177,binary,binary_logloss,gbdt,True,4,42,739,237,0.0016758545853872895,32,0.6370248028906291,0.7666044098306469,0.80499872672156,0.8947843512184568,0.42242459636631735
178,binary,binary_logloss,gbdt,True,4,42,694,300,0.004208231054839433,25,0.6992418878086993,0.7005584081595909,1.630857386135757,0.7052253276966534,0.42277702320853067
179,binary,binary_logloss,gbdt,True,4,42,540,290,0.002134772674895704,22,0.6180159328381565,0.7359547947278795,1.8134235642415821,0.4846169040596343,0.42359729017205916
180,binary,binary_logloss,gbdt,True,4,42,666,39,0.00277041987989713,23,0.6544174249096542,0.6347506711741961,1.4505366775750992,0.6360142740169221,0.426876311944897
181,binary,binary_logloss,gbdt,True,4,42,567,271,0.0014244536964996772,21,0.5749120730200183,0.8202153410917431,1.6843695904408291,1.0977194555393273,0.42399408624022045
182,binary,binary_logloss,gbdt,True,4,42,609,279,0.0036263991175595925,20,0.5587752031707199,0.7883594421533555,0.9974114189018659,1.2438500336786962,0.4224273736730978
183,binary,binary_logloss,gbdt,True,4,42,579,265,0.0016518840243162187,17,0.6808510465192752,0.7562351721844293,1.256451212157577,0.9948133910267046,0.42101552807489956
184,binary,binary_logloss,gbdt,True,4,42,588,259,0.0016421118738568045,15,0.6792275042636664,0.7566271618529079,1.2624846225414295,0.8277336837506563,0.4228608809319985
185,binary,binary_logloss,gbdt,True,4,42,628,264,0.0011541556666267647,17,0.715003513979495,0.7268413126260092,1.4316715370730568,0.5431264243347004,0.4220900637346623
186,binary,binary_logloss,gbdt,True,4,42,760,290,0.001945814120863213,19,0.7462399075420773,0.7103263184998273,1.1503582390636478,0.964524369631819,0.42424421274582047
187,binary,binary_logloss,gbdt,True,4,42,525,281,0.00229013311527635,23,0.6367052960976625,0.6706605720259511,1.9878441290771653,0.7777899242290804,0.4224325434937742
188,binary,binary_logloss,gbdt,True,4,42,603,252,0.0025913390711800608,17,0.6879110236631376,0.7680599413731023,1.0627483907353616,0.5866691536361744,0.4224457683663319
189,binary,binary_logloss,gbdt,True,4,42,579,86,0.005050397119552381,18,0.6693328599229029,0.75009058069533,0.9136492112117747,0.9840230188650579,0.42658393505168235
190,binary,binary_logloss,gbdt,True,4,42,560,144,0.08866403291610706,15,0.6266666370684973,0.7787609688949482,1.3595645150689124,0.7318916634941438,0.4233331448567577
191,binary,binary_logloss,gbdt,True,4,42,542,267,0.0013670024192569737,22,0.5436814521615824,0.8361335667926224,1.6202766748236088,0.9074034149043725,0.4210703898862339
192,binary,binary_logloss,gbdt,True,4,42,541,243,0.0012948103370795476,21,0.5312106250168878,0.8018889449070905,1.798699693827012,0.8387904305004212,0.42359569548439274
193,binary,binary_logloss,gbdt,True,4,42,513,272,0.0010019684699860028,25,0.5467885537555435,0.7373983003312897,1.2729541246571874,0.8939755612003562,0.42211198317402776
194,binary,binary_logloss,gbdt,True,4,42,784,264,0.0018167444695485959,24,0.5207231003109742,0.7623717595687877,1.6094476701139937,1.1283463711736523,0.422525983917117
195,binary,binary_logloss,gbdt,True,4,42,581,296,0.001605195283468447,22,0.5709569179803452,0.8564999428559446,1.1930529181987999,0.6301378027658425,0.4228648595542591
196,binary,binary_logloss,gbdt,True,4,42,598,117,0.0032003861010265876,19,0.6083858004380852,0.8378562416807883,1.0628870289322847,1.2828409522389825,0.4237903672658773
197,binary,binary_logloss,gbdt,True,4,42,497,278,0.0020629267501415444,20,0.5083951319160522,0.8089027661437448,1.5091406412604278,0.9230694868051944,0.4235924000327623
198,binary,binary_logloss,gbdt,True,4,42,531,287,0.0014080277175368713,22,0.5902127201720834,0.7468682015442251,1.7388451200543353,0.6742608978054169,0.4229939804588688
199,binary,binary_logloss,gbdt,True,4,42,552,225,0.0024188116558405185,27,0.6494994362319739,0.6960966719895074,1.4054601346678095,0.7600667282601329,0.42074171634415247
